steps,distance,trackerDistance,loggedActivitiesDistance,veryActiveDistance,moderatelyActiveDistance,lightActiveDistance,sedentaryActiveDistance,veryActiveMinutes,fairlyActiveMinutes,lightlyActiveMinutes,sedentaryMinutes,calories
17054,5.044283751940676,5.372843510726326,7.954853170711973,0.44547660955247925,4.39651138963985,2.399577560190576,0.36549063835005,0,28,15,665,2232
5674,4.014351098315124,2.495914235385892,4.53402644410855,0.674088664792174,2.297890285030191,4.160508545113156,0.5832897198268994,6,24,47,1134,3402
